USE steam;

INSERT INTO users (`id`, `first_name`, `last_name`, `email`, `phone`) VALUES
('1','Sam','Superboy','Supman_numone@bt.net','89160676789'),
('2', 'Stan', 'Pussy', 'pus@gr.net', '89178646796'),
('3', 'Lilly', 'Boylover', 'yuii@gr.net', '89567567567'),
('141', 'Viktor', 'Stepkin', 'viki911@bk.ru', '89675445454'),
('327', 'Bob', 'Chicken', 'bobik@yandex.ru', '89561231213'),
('1798', 'Big', 'Pig', 'loverpigs@runet.org', '89119119191'),
('28336279', 'Donni', 'Makaronni', 'popopo@gr.com', '89346767676'),
('151', 'Viktor', 'Stepkin', 'viking911@bk.ru', '89674455454'),
('337', 'Bob', 'Chicken', 'bobik_lolik@yandex.ru', '89561232613'),
('1998', 'Big', 'Pig', 'loverpigs_1@runet.org', '89119567191'),
('28376219', 'Donni', 'Makaronni', 'popopo_ddd@gr.com', '89346900676'),
('2222', 'Августа', 'Иванова','Dark_Angel@bk.ru', '89053165787'),
('2223', 'Kontemir', 'Smirnov','pro100BOY@yaml.ru','86085435687'),
('61','Агата', 'Федорова', 'brubeidureusei6452@mail.ru','88701635390'),
('45', 'Софья', 'Агеева', 'tegremmauloma-8792@gmail.com', '89032196257'),
('78', 'Анастасия', 'Широкова', 'riffehoiddousseu8437@gmail.com', '89037282153'),
('33', 'Матвей', 'Пономарев', 'yeifarattoicru-4651@gmail.com', '89035291396'),
('770', 'Сергей', 'Кулешов', 'sippuboux9959@gmail.com', '89031902467'),
('340', 'Ярослав', 'Пастухов', 'bbr@bk.ru', '89037739301'),
('551', 'Siggi', 'Rautvil', 'viigiiboggi@st.com', '89656786765'),
('12', 'Stan', 'Smith', 'sectorD@gmail.com', '87967684534'),
('11', 'Koby', 'Braun', 'WERKTWERk45@gmail.com', '89012043768'),
('7', 'Liying', 'Xingba', 'lovechinese@gmail.com', '1552343454546'),
('8', 'Yulia', 'Kim', 'Zhongguo@gmail.com','85465675456'),
('137','Аарон', 'Аврорин', 'rempel.cora@hotmail.com', '89269568215'),
('515', 'Авдей', 'Кузнецов', 'ccummings@hotmail.com', '89263817918'),
('678', 'Адам', 'Воронков', 'watsica.andrew@kertzmann.com', '89266254825'),
('17', 'Адриан', 'Гаврилов', 'dgusikowski@yahoo.com', '89261410627'),
('311', 'Аифал', 'Гайдуков', 'jeremy.glover@hotmail.com', '89265625169'),
('2123', 'Акакий', 'Ермолаев', 'flo.erdman@feeney.com', '89265124204'),
('780', 'Аким', 'Высоцкий', 'assunta72@hotmail.com', '89263032294'),
('90', 'Алексей', 'Галкин', 'vincenza86@yahoo.com', '89263640821'),
('9', 'Али', 'Бабушкин', 'qswaniawski@robel.org', '89268480085'),
('10', 'Альберт', 'Жаров', 'pzemlak@lockman.com', '89269802941'),
('1100', 'Альфред', 'Завьялов', 'ngerhold@hotmail.com', '89264556401'),
('21', 'Анатолий', 'Грачёв', 'korbin89@wolff.biz', '89266585808'),
('56', 'Антон', 'Сорокин', 'littel.araceli@yahoo.com', '89264775631'),
('777', 'Аристарх', 'Степкин', 'laurence.rutherford@hotmail.com', '89261181605'),
('99', 'Аркадий', 'Горохов', 'nigel47@johnson.com', '89265089097'),
('809', 'Арман', 'Орлов', 'russel.joel@hotmail.com', '89265623710'),
('755', 'Арсений', 'Панин', 'zmertz@hotmail.com', '89269775091'),
('109', 'Арслан', 'Kривой', 'theresa68@macejkovic.com', '89260037088'),
('103', 'Архип', 'Печка', 'lillie.abernathy@hotmail.com', '89269660547'),
('406', 'Афанасий', 'Грязный', 'delbert64@hotmail.com', '89260048140'),
('30', 'Ахмед', 'Вуттахов', 'hayes.bert@wehner.com', '89267189022'),
('60', 'Борис', 'Храбрин', 'hayden.sauer@hotmail.com', '89266389177'),
('65', 'Булат', 'Седов', 'garrick.klein@yahoo.com', '89269070269'),
('8099', 'Вадим', 'Кукушкин', 'dooley.tyrel@gislason.info', '89265736554'),
('1313', 'Валентин', 'Ратов', 'esta59@yahoo.com', '89266336559'),
('456', 'Валерий', 'Марчетко', 'torp.hallie@yahoo.com', '89269820605'),
('4', 'Варфоломей', 'Марченко', 'davis.cheyanne@wilderman.com', '89260263861'),
('5', 'Василий', 'Степко', 'willy70@gmail.com', '89263509042'),
('6', 'Виктор', 'Виттин', 'dexter.schoen@yahoo.com', '89267643236'),
('13', 'Владислав', 'Грушин', 'marilou80@smitham.com', '89261928974'),
('102', 'Gector', 'Puk', 'arlo50102@example.org', '9374071116'),
('200', 'Arnold', 'West', 'terrence.cartwright@example.org', '9127498182'),
('300', 'Iggi', 'Shilfeld', 'rupert55@example.org', '9921090703'),
('400', 'Dreng', 'Nordic', 'rebekah29@example.net', '9592139196'),
('500', 'Fernand', 'Buz', 'von.bridget@example.net', '9909791725'),
('56666', 'Gringilda', 'Sweety', 'arlogh90@br.org', '935071516'),
('255555', 'Andrew', 'Great', 'wei@br.org', '9125498582'),
('35555', 'Izolda', 'Shenk', 'godzilla04@br.org', '9925090503');

INSERT INTO `profiles` (`user_id`, `nickname`, `gender`, `country`, `hometown`) VALUES
('1','Rinadiore', 'm', 'USA', 'Aurora'),
('2', 'Ovellovil', 'm', 'USA', 'New York'),
('3', 'Lulemesi', 'f', 'USA', ' New York'),
('141', 'Baber', 'm', 'Russia', 'Москва'),
('327', 'Koti', 'm', 'USA', 'Orlando'),
('1798', 'Enontyn', 'm', 'USA', 'Boston'),
('28336279', 'Naelia', 'm', 'USA', 'Denver'),
('151', 'Leytov', 'm', 'USA', 'Las Vegas'),
('337', 'Zagoo', 'm', 'USA', 'Las Vegas'),
('1998', 'Gginhun', 'm', 'USA', 'Orlando'),
('28376219', 'Rimarkalba', 'm', 'USA', 'Miami'),
('2222', 'Naharvi', 'f', 'Russia', 'Москва'),
('2223', 'Sulcel', 'm', 'Russia', 'Москва'),
('61', 'Josiorpie', 'f', 'Russia', 'Москва'),
('45', 'Inallisob', 'f', 'Russia', 'Киров'),
('78', 'Blienianni', 'f', 'Russia', 'Ярославль'),
('33', 'Beancecie', 'm', 'Russia', 'Санкт-Петербург'),
('770', 'Trosakitya', 'm', 'Russia', 'Санкт-Петербург'),
('340', 'Vardentha', 'm', 'Russia', 'Санкт-Петербург'),
('551', 'Ndonaetann', 'f', 'USA', 'Denver'),
('12', 'Rengae', 'm', 'USA', 'Denver'),
('11', 'Emelian', 'm', 'USA', 'Memphis'),
('7', 'Ylanyencer', 'f', 'USA', 'New Orleans'),
('8', 'Warre', 'f', 'Russia', 'Козельск'),
('137', 'Heremag', 'm', 'Russia', 'Москва'),
('515', 'Zulinhud', 'm', 'Russia', 'Москва'),
('678', 'Yencia', 'm', 'Russia', 'Москва'),
('17', 'Natonan', 'm', 'Russia', 'Москва'),
('311', 'Hanixiahae', 'm', 'Russia', 'Москва'),
('2123', 'Farliand', 'm', 'Russia', 'Москва'),
('780', 'Dyasp', 'm', 'Russia', 'Москва'),
('90', 'Dahaki', 'm', 'Russia', 'Москва'),
('9', 'Ilesine', 'm', 'Russia', 'Архангельск'),
('10', 'Aurajanai', 'm', 'Russia', 'Псков'),
('1100', 'Ondrodsiar', 'm', 'Russia', 'Липецк'),
('21', 'Tteneroba', 'm', 'Russia', 'Дубна'),
('56', 'Yuentheede', 'm', 'Russia', 'Талдом'),
('777', 'Oshogarna', 'm', 'Russia', 'Новокузнецк'),
('99', 'Galesumell', 'm', 'Russia', 'Екатеринбург'),
('809', 'Tevey', 'm', 'Russia', 'Хабаровск'),
('755', 'Semasaelr', 'm', 'Russia', 'Владивосток'),
('109', 'Viverti', 'm', 'Russia', 'Владивосток'),
('103', 'Linalthal', 'm', 'Russia', 'Владивосток'),
('406', 'Ianettne', 'm', 'Russia', 'Владивосток'),
('30', 'Arleelmal', 'm', 'Russia', 'Пермь'),
('60', 'Paziolle', 'm', 'Russia', 'Уральск'),
('65', 'Fladeve', 'm', 'Russia', 'Воронеж'),
('8099', 'Wnyannetr', 'm', 'Russia', 'Тамбов'),
('1313', 'Franatess', 'm', 'Russia', 'Саратов'),
('456', 'Tenyshbe', 'm', 'Russia', 'Самара'),
('4', 'Gust', 'm', 'Russia', 'Пенза'),
('5', 'Ikaemuhan', 'm', 'Russia', 'Омск'),
('6', 'Filerris', 'm', 'Russia', 'Оренбург'),
('13', 'Olath', 'm', 'Russia', 'Нижнекамск'),
('102', 'Esinali', 'm', 'USA', 'Memphis'),
('200', 'Nekimartha', 'm', 'USA', 'Memphis'),
('300', 'Zeddonau', 'm', 'USA', 'Portland'),
('400', 'Jovietchi', 'm', 'USA', 'Pueblo'),
('500', 'Xenianga', 'm', 'USA', 'San Francisco'),
('56666', 'Rneko', 'f', 'USA', 'Tampa'),
('255555', 'Evelaja', 'm', 'USA', 'Chicago'),
('35555', 'Fellieus', 'f', 'USA', 'Chicago');

INSERT INTO friend_requests (`initiator_user_id`, `target_user_id`, `status`) VALUES
('327', '1998', 'requested'),
('151', '28376219', 'requested'),
('327', '151', 'requested'),
('28376219', '327', 'requested'),
('200', '777', 'approved'),
('12', '2222', 'declined'),
('141', '1100', 'followed'),
('551', '8099', 'unfriended'),
('337', '9', 'declined'),
('340', '770', 'approved'),
('327','200', 'requested'),
('809', '1313', 'followed'),
('90', '99', 'requested'),
('400', '11', 'requested' ),
('56666', '35555', 'approved'),
('8099', '300', 'unfriended'),
('2223', '1', 'declined'),
('1', '2', 'approved'),
('1998', '255555', 'declined');

INSERT INTO games(`id`, `name`, `genre`, `game_developer`) VALUES
('1', 'Kingdom Come: Deliverance', 'Action, Adventure, RPG','Warhorse Studios'),
('2', 'ARK: Scorched Earth - Expansion Pack', 'Action, Adventure, Indie, Massively Multiplayer, RPG', 'Studio Wildcard, Instinct Games, Efecto Studios, Virtual Basement LLC'),
('3', 'SCARLET NEXUS', 'Action, Adventure, RPG', 'BANDAI NAMCO Studios Inc.'),
('4', 'Monster Hunter Stories 2: Wings of Ruin', 'Adventure, RPG', 'CAPCOM Co., Ltd.'),
('5', 'Ambition: A Minuet in Power', 'Adventure, Indie, RPG, Simulation', 'Joy Manufacturing Co.'),
('6', 'Chernobylite', 'Action, Adventure, Indie, RPG, Simulation', 'The Farm 51'),
('7', 'Sekiro™: Shadows Die Twice - GOTY Edition', 'Adventure, Indie, RPG', 'Eternal Dream'),
('8', 'FINAL FANTASY III', 'RPG', 'Square Enix'),
('9', 'Blackout: The Darkest Night', 'Adventure, Indie, RPG', 'MiniChimera Game Studio'),
('10', 'The Vale: Shadow of the Crown', 'Action, Adventure, Indie, RPG', 'Falling Squirrel, Creative Bytes Studios'),
('11', 'Dust to the End', 'Adventure, Indie, RPG, Simulation, Strategy', 'Haojoy Game, Zjoy Game'),
('12', '???2 (Wushu Chronicles 2)', 'Action, Adventure, Indie, RPG, Strategy, Early Access', 'JiangHu Studio'),
('13', 'Lilith Odyssey', 'Adventure, Early Access', 'Chaystar Unlimited LLC'),
('14', 'Prank!', 'Adventure', 'Seaborgium Entertainment'),
('15', 'Chicory: A Colorful Tale', 'Adventure, Indie, RPG', 'Greg Lobanov, Alexis Dean-Jones, Lena Raine, Madeline Berger, A Shell in the Pit'),
('16', 'Griftlands', 'Indie', 'Klei Entertainment');

INSERT INTO messages(`from_user_id`, `to_user_id`, `body`) VALUES
('327', '1998', 'Скажи-ка, дядя, ведь не даром Москва, спаленная пожаром, Французу отдана?'),
('151', '28376219', 'Ведь были ж схватки боевые, Да, говорят, еще какие!Недаром помнит вся Россия про день Бородина!'),
('327', '151', 'Да, были люди в наше время, Не то, что нынешнее племя: Богатыри - не вы!'),
('28376219', '327', 'Плохая им досталась доля: Немногие вернулись с поля... Не будь на то господня воля, Не отдали б Москвы!'),
('200', '777', 'Мы долго молча отступали, Досадно было, боя ждали, Ворчали старики: "Что ж мы? на зимние квартиры? Не смеют, что ли, командиры чужие изорвать мундиры о русские штыки?"'),
('12', '2222', 'И вот нашли большое поле: Есть разгуляться где на воле! Построили редут. У наших ушки на макушке! Чуть утро осветило пушки И леса синие верхушки - Французы тут как тут.'),
('141', '1100', 'Забил заряд я в пушку туго и думал: угощу я друга! Постой-ка, брат мусью! Что тут хитрить, пожалуй к бою; Уж мы пойдем ломить стеною, уж постоим мы головою за родину свою!'),
('551', '8099', 'Два дня мы были в перестрелке. Что толку в этакой безделке? Мы ждали третий день.'),
('337', '9', 'Повсюду стали слышны речи: "Пора добраться до картечи!" И вот на поле грозной сечи ночная пала тень.'),
('340', '770', 'Прилег вздремнуть я у лафета,и слышно было до рассвета,как ликовал француз.'),
('327','200', 'Но тих был наш бивак открытый: Кто кивер чистил весь избитый, Кто штык точил, ворча сердито, Кусая длинный ус.'),
('809', '1313', 'И только небо засветилось, Все шумно вдруг зашевелилось, Сверкнул за строем строй.'),
('90', '99', 'Полковник наш рожден был хватом: Слуга царю, отец солдатам... Да, жаль его: сражен булатом, Он спит в земле сырой.'),
('400', '11', 'И молвил он, сверкнув очами:"Ребята! не Москва ль за нами? Умремте же под Москвой, Как наши братья умирали!" И умереть мы обещали, И клятву верности сдержали Мы в Бородинский бой.'),
('56666', '35555', 'Ну ж был денек! Сквозь дым летучий Французы двинулись, как тучи, И всё на наш редут.'),
('8099', '300', 'Уланы с пестрыми значками, Драгуны с конскими хвостами, Все промелькнули перед нам, Все побывали тут.'),
('2223', '1', 'Вам не видать таких сражений!.Носились знамена, как тени, В дыму огонь блестел, Звучал булат, картечь визжала, Рука бойцов колоть устала, И ядрам пролетать мешала Гора кровавых тел.'),
('1', '2', 'Изведал враг в тот день немало, Что значит русский бой удалый, Наш рукопашный бой!.. Земля тряслась - как наши груди, Смешались в кучу кони, люди, И залпы тысячи орудий Слились в протяжный вой...'),
('1998', '255555', 'Вот смерклось. Были все готовы Заутра бой затеять новый И до конца стоять... Вот затрещали барабаны - И отступили бусурманы. Тогда считать мы стали раны, Товарищей считать.'),
('340', '3', 'Да, были люди в наше время, Могучее, лихое племя: Богатыри - не вы. Плохая им досталась доля: Немногие вернулись с поля. Когда б на то не божья воля, Не отдали б Москвы! ');


INSERT INTO user_games(`user_id`,`game_id`, `game_name`, `status`) VALUES
('327', '1', 'Kingdom Come: Deliverance', 'in the wish list'),
('90', '2', 'ARK: Scorched Earth - Expansion Pack', 'purchased'),
('151', '3', 'SCARLET NEXUS', 'not purchased'),
('551', '4', 'Monster Hunter Stories 2: Wings of Ruin', 'free download'),
('1998', '5', 'Ambition: A Minuet in Power', 'purchased'),
('2223', '6', 'Chernobylite', 'in the wish list'),
('56666', '7', 'Sekiro™: Shadows Die Twice - GOTY Edition', 'purchased'),
('1', '8', 'FINAL FANTASY III', 'purchased'),
('2', '9', 'Blackout: The Darkest Night', 'not purchased'),
('337', '10', 'The Vale: Shadow of the Crown', 'purchased'),
('151', '11', 'Dust to the End', 'not purchased'),
('8099', '12', '???2 (Wushu Chronicles 2)', 'free download'),
('809', '13', 'Lilith Odyssey', 'in the wish list'),
('12', '14', 'Prank!', 'in the wish list'),
('200', '15', 'Chicory: A Colorful Tale', 'not purchased'),
('255555', '16', 'Griftlands', 'in the wish list');

INSERT INTO shop(`id`,`name`, `price`, `sale`) VALUES
('1','Kingdom Come: Deliverance', '175', '10'),
('2', 'ARK: Scorched Earth - Expansion Pack', '1192', '33'),
('3', 'SCARLET NEXUS', '1169', '0'),
('4', 'Monster Hunter Stories 2: Wings of Ruin','799', '15'),
('5', 'Ambition: A Minuet in Power','404', '0'),
('6', 'Chernobylite', '699', '10'),
('7', 'Sekiro™: Shadows Die Twice - GOTY Edition','1197', '33'),
('8', 'FINAL FANTASY III','313', '0'),
('9', 'Blackout: The Darkest Night','590', '15'),
('10', 'The Vale: Shadow of the Crown', '168', '33'),
('11', 'Dust to the End', '4567', '10'),
('12', '???2 (Wushu Chronicles 2)', '666', '10'),
('13', 'Lilith Odyssey', '789', '44'),
('14', 'Prank!', '134', '86'),
('15', 'Chicory: A Colorful Tale', '569', '54'),
('16', 'Griftlands', '313', '33');




















